<annotation>
	<folder>One Person- Four Objects</folder>
	<filename>00000026.ppm</filename>
	<path>/home/r1-user/code_sh/VT_InputData/Images/One Person- Four Objects/00000026.ppm</path>
	<source>
		<database>Unknown</database>
	</source>
	<size>
		<width>640</width>
		<height>480</height>
		<depth>3</depth>
	</size>
	<segmented>0</segmented>
	<object>
		<name>Head</name>
		<pose>Unspecified</pose>
		<truncated>0</truncated>
		<difficult>0</difficult>
		<bndbox>
			<xmin>316</xmin>
			<ymin>12</ymin>
			<xmax>440</xmax>
			<ymax>145</ymax>
		</bndbox>
	</object>
</annotation>
