<annotation>
	<folder>One Person- Two objects</folder>
	<filename>00000014.ppm</filename>
	<path>/home/r1-user/code_sh/VT_InputData/Images/One Person- Two objects/00000014.ppm</path>
	<source>
		<database>Unknown</database>
	</source>
	<size>
		<width>640</width>
		<height>480</height>
		<depth>3</depth>
	</size>
	<segmented>0</segmented>
	<object>
		<name>Head</name>
		<pose>Unspecified</pose>
		<truncated>1</truncated>
		<difficult>0</difficult>
		<bndbox>
			<xmin>306</xmin>
			<ymin>1</ymin>
			<xmax>454</xmax>
			<ymax>151</ymax>
		</bndbox>
	</object>
</annotation>
