<annotation>
	<folder>Two People- Three Objects</folder>
	<filename>00000025.ppm</filename>
	<path>/home/r1-user/code_sh/VT_InputData/Images/Two People- Three Objects/00000025.ppm</path>
	<source>
		<database>Unknown</database>
	</source>
	<size>
		<width>640</width>
		<height>480</height>
		<depth>3</depth>
	</size>
	<segmented>0</segmented>
	<object>
		<name>Head</name>
		<pose>Unspecified</pose>
		<truncated>0</truncated>
		<difficult>0</difficult>
		<bndbox>
			<xmin>480</xmin>
			<ymin>32</ymin>
			<xmax>577</xmax>
			<ymax>142</ymax>
		</bndbox>
	</object>
</annotation>
